headline,date,id
b'Prince Memorial Concert to Feature Stevie Wonder and Others',2016-09-17,57dc61e138f0d84ba6a0c6c6
b'Prince\xe2\x80\x99s Old Band Resurrects Him Through His Songs',2016-09-03,57c9f10f38f0d8656933ff9f
"b'Paisley Park, Prince\xe2\x80\x99s Estate, Will Open as a Museum'",2016-08-26,57bf145138f0d850d30c939e
b'Another Side of Bob Dylan: Iron Sculptor',2016-09-08,57d0545438f0d82f70ca102a
b'The Revolution: A \xe2\x80\x98Purple Rain\xe2\x80\x99 Reunion in Prince\xe2\x80\x99s Honor',2016-07-09,577fe62f38f0d8706f764119
"b'Prince Buster, Trailblazer of Ska, Dies at 78'",2016-09-12,57d587c138f0d825f21c0358
b'Prince in The Times',2016-04-21,57192a7638f0d80deffe5bce
"b'Prince Rockets to No. 1 as Fans Buy (Yes, Buy) His Albums'",2016-04-26,571e56b038f0d86688737029
"b'Prince, Onstage and On the Town'",2016-04-21,5719281738f0d80deffe5bc3
b'A Master of Pop Music',2016-04-21,5719708838f0d80deffe5d2e
b'Popcast: Remembering Prince',2016-04-22,571a8bb238f0d830b440ba11
b'Beyonc\xc3\xa9\xe2\x80\x99s \xe2\x80\x98Lemonade\xe2\x80\x99 Debuts at No. 1 With Huge Streaming Numbers',2016-05-03,5727a28a38f0d80b105e402d
b'Prince and the Competition',2016-04-22,571ab02338f0d830b440bab0
"b'The Wisdom of Prince, as Told by His Collaborators'",2016-04-28,572106af38f0d83acb9a6048
"b'The Revolution, Prince\xe2\x80\x99s Former Band, Says It Will Reunite'",2016-04-28,572090dc38f0d82fc1b1002b
b'Prince Tributes Include Purple Lighting and Broadway Performances',2016-04-23,571ab76c38f0d830b440bac5
b'Clues to the Mystery of Prince\xe2\x80\x99s Final Days',2016-04-23,571ac03038f0d830b440bae4
b'An Ode to \xe2\x80\x98the Purple One\xe2\x80\x99: Prince\xe2\x80\x99s Most Memorable Albums',2016-04-22,57192ade38f0d80deffe5bd0
b'Hints of Prince\xe2\x80\x99s Failing Health Preceded a Sudden Death',2016-04-22,5719708238f0d80deffe5d2d
b'Review: Laura Benanti Shows Range With Songs and Stories',2016-09-29,57ec344d253f0a3ac617c9d9
"b'Prince Knew What He Wanted: Sex, Soul and You'",2016-04-23,571a9fd638f0d830b440ba67
b'Spanish Archive Raises Franco-Era Ghosts and Shadows of a New Chasm',2016-07-17,578a813f38f0d834da9e4ee3
b'Prince Websites Compiled in Online Museum',2016-07-05,577ad25838f0d83e1f65d6e0
"b'Prince, an Artist Who Defied Genre, Is Dead at 57'",2016-04-22,57190b9e38f0d80deffe5b4c
b'Court Names Bank to Oversee Prince\xe2\x80\x99s Estate in Absence of a Will',2016-05-03,5727c08c38f0d80b105e4088
b'Prince\xe2\x80\x99s Holy Lust',2016-04-24,571a5ff838f0d830b440b95d
"b'After Cremation, Prince Is Celebrated in Private Funeral'",2016-04-24,571c1b4038f0d84a765c0954
b'\xe2\x80\x98Prince Was Our True Artist\xe2\x80\x99: Readers Share Their Memories',2016-04-23,571a3e5038f0d80deffe609b
b'How to See Prince\xe2\x80\x99s Minneapolis',2016-05-22,573a3dd938f0d84a2689a724
"b'Prince\xe2\x80\x99s Style, Through the Years'",2016-04-21,5719451738f0d80deffe5c5a
b'Do You Love Music? Silicon Valley Doesn\xe2\x80\x99t',2016-05-20,573ebaf338f0d8366bbe0009
b'The Prince of Infectious Pop',2016-04-21,571969da38f0d80deffe5d0f
b'How Prince Rebelled Against the Music Industry',2016-04-22,5719767438f0d80deffe5d45
"b'Tidal, on Prince\xe2\x80\x99s Birthday, Adds His Albums to Its Catalog'",2016-06-08,5756e42a38f0d839b1924a42
"b'Prince, a Master of Playing Music and Distributing It'",2016-04-23,571a2b1a38f0d80deffe603b
b'Prince Estate Names 2 to Manage Entertainment Assets',2016-06-18,576448e138f0d8589e8e20cb
b'Prince Announces Coming Memoir at Performance',2016-03-19,56ecad1c38f0d866ee6216ac
b'Prince Died From Accidental Overdose of Opioid Painkiller',2016-06-03,575084c338f0d86ce333305e
b'The Day Prince\xe2\x80\x99s Guitar Wept the Loudest',2016-04-28,572241df38f0d83c404739d8
b'The Talk of the Versace Men\xe2\x80\x99s Show: Music by Prince',2016-06-20,5766a12438f0d86d6f5e7efa
"b'More Than an Artist, Prince Sought Control Over His Image and Product'",2016-04-23,571a5be938f0d830b440b94c
b'Correction: Obit-Prince Buster Story',2016-09-09,57d2fd1238f0d87f8a57621c
"b'Review: Ginastera and Faur\xc3\xa9, With a Nod to Prince'",2016-04-25,571d3bb538f0d8550bf1a5dd
"b'Prince Died Without a Will, According to Court Documents Filed by His Sister'",2016-04-27,571fab3038f0d80819781b16
"b'In Prince\xe2\x80\x99s Battle With Opioids, a Familiar Narrative That Begins With Pain'",2016-05-06,572bc0de38f0d83ff98d7dca
b'Danzig on Getting the Band (the Misfits) Back Together. Briefly.',2016-09-24,57e5a7af40d83811887fffbd
"b'Prince Needed a Will, but Maybe You Don\xe2\x80\x99t'",2016-05-07,572cb70e38f0d83ff98d8287
b'I Was on That Fateful Flight With Prince: A Prot\xc3\xa9g\xc3\xa9e Tells Her Story',2016-06-22,5769cd5538f0d80acef16fd3
"b'Prince Is Mourned by Fashion World, Which Counted Him as One of Its Own'",2016-04-24,571a7dfc38f0d830b440b9e3
"b'Still No Will, but Work to Settle Prince Estate Forges Ahead'",2016-09-25,57e80a91253f0a6bb40cbe3f
"b'Denise Matthews, Pop Singer Known as Vanity, Dies at 57'",2016-02-17,56c2ea9638f0d810c38f61b1
b'What\xe2\x80\x99s on TV Saturday',2016-04-23,571b015b38f0d830b440bbba
b'Prince\xe2\x80\x99s Heels Elevated Him as a Style Icon',2016-04-24,571a173538f0d80deffe5fdb
"b'The Lonely Toil of Frank Ocean: Is It Art, or Denial?'",2016-09-01,57c74e1138f0d80b94c4e0ed
b'Review: Angel Olsen\xe2\x80\x99s \xe2\x80\x98My Woman\xe2\x80\x99 Goes Fearlessly Retro',2016-09-01,57c74d6e38f0d80b94c4e0ea
b'De La Soul\xe2\x80\x99s Legacy Is Trapped in Digital Limbo',2016-08-14,57a9f49e38f0d86e6ca0538f
"b'Juan Gabriel\xe2\x80\x99s Death, Like His Music, Brings Mexicans Together'",2016-08-30,57c463a738f0d85778752ef0
b'Prince\xe2\x80\x99s Addiction and an Intervention Too Late',2016-05-05,572a414838f0d81d0f191cc8
b'The Fashion News to Know This Week',2016-04-22,571a515f38f0d830b440b904
b'Prince\xe2\x80\x99s Doctor Arrived With Test Results Only to Find Him Dead',2016-05-11,5732788138f0d83b1f37146a
b'Stevie Nicks to Honor Prince During Upcoming US Tour',2016-09-13,57d7f67038f0d83c2bdf8222
b'How Rudy Van Gelder Shaped the Sound of Jazz as We Know It',2016-08-27,57c0704738f0d834fc45a967
b'New York City Opera to Join Forces With Harold Prince Next Season',2016-05-25,5744ac0538f0d821f0cf87e9
"b'Review: It\xe2\x80\x99s Coldplay, Starring Beyonc\xc3\xa9, at Super Bowl Halftime Show'",2016-02-08,56b8075138f0d87ed55e9706
b'What Happens to Prince\xe2\x80\x99s Estate Without a Will?',2016-05-04,572a57d738f0d81d0f191d13
"b'Sorry, Ms. Jackson: You\xe2\x80\x99re Underrated. \xe2\x80\x98Control\xe2\x80\x99 at 30'",2016-08-09,57a903bb38f0d86e6ca05164
"b'Home, Studio of Late U.S. Rocker Prince to Be Opened to Public'",2016-08-25,57bef19f38f0d850d30c9333
"b'Paisley Park, Home of Prince, Opens for Public Tours Oct. 6'",2016-08-24,57be362038f0d850d30c911c
"b'Paisley Park, Home of Prince, Opens for Public Tours Oct. 6'",2016-08-25,57bee51638f0d850d30c930a
"b'\xe2\x80\x98War Music,\xe2\x80\x99 by Christopher Logue'",2016-02-28,56d090fd38f0d838257359a7
b'5 Standout Moments From the 2016 V.M.A.s',2016-08-29,57c3fd6038f0d846b272d6d0
"b'World\xe2\x80\x99s Fair, and Queens, in the Meadows Festival Spotlight'",2016-09-30,57ed957d253f0a4a5c188bad
b'Rival Ryder Cup Fans and Their Swinging Serenades',2016-09-28,57e93d93253f0a6bb40cbfeb
b'APNewsBreak: Official Prince Tribute Concert Set for October',2016-07-28,579a6fdf38f0d81bd1ba56f1
b'Drake\xe2\x80\x99s \xe2\x80\x98Views\xe2\x80\x99 Opens Huge With the Biggest Sales Week of 2016',2016-05-10,5730de5638f0d81c1525b487
"b'Classical Music to Come: A Finnish Star, Minimalism and Wagner'",2016-09-18,57dc2b7b38f0d84ba6a0c61a
b'President Obama\xe2\x80\x99s Emotional Spotify Playlist Is a Hit',2016-08-15,57b0fcab38f0d87f03b1477a
"b'The Modern Love Podcast: Tituss Burgess Reads \xe2\x80\x98A Prince Charming for the Prom (Not Ever After, Though)\xe2\x80\x99'",2016-08-17,57b4cd5b38f0d8439b98b54d
"b""Prince Bought Minneapolis House Featured in 'Purple Rain'""",2016-07-19,578ea25d38f0d84bd30e9408
b'Pop &amp; Rock Listings for Aug. 12-18',2016-08-12,57ad100a38f0d849169cc143
b'Beyonc\xc3\xa9 Honors Prince as \xe2\x80\x98Formation\xe2\x80\x99 Tour Kicks Off in Miami',2016-04-29,5721916238f0d83acb9a62cf
b'Judge Says He May Allow Cameras in Prince Estate Proceedings',2016-07-28,579a042c38f0d87cf647e4b9
"b""Adele: I Won't Sing at Super Bowl; Show 'Not About Music'""",2016-08-14,57b10bc538f0d87f03b14792
b'Apple Music Posts New Frank Ocean Video Album',2016-08-19,57b6aa6038f0d85e80c66dff
b'Prince Offered a Ticket to a Forbidden World in His Music',2016-04-22,571a8fc138f0d830b440ba1f
b'Social Media Mourns Death of Music Legend Prince',2016-04-21,57192a5a38f0d80deffe5bcb
b'Factbox: The Life of Pop Superstar Prince in Music and Film',2016-04-22,571a05c038f0d80deffe5f90
b'5 Ways Prince Slammed High Tech in Music',2016-04-22,5719c24738f0d80deffe5e53
b'Factbox: The Life of Pop Superstar Prince in Music and Film',2016-04-21,57193ca238f0d80deffe5c27
b'Singer The Weeknd Dedicates Billboard Music Award to Prince',2016-05-22,574235dc38f0d87318c476e9
"b'Things to Do in Connecticut, Aug. 6 Through 14'",2016-08-07,57a3b8c138f0d82e7f95783b
"b'Prince and Sports: Music in Blood, Basketball in His Heart'",2016-04-21,57197b4b38f0d80deffe5d53
"b'Things to Do in the Hudson Valley, Aug. 6 Through 14'",2016-08-07,57a3b72938f0d82e7f957835
b'Review: \xe2\x80\x98Pers\xc3\xa9e et Androm\xc3\xa8de\xe2\x80\x99 Glows at Manhattan School of Music',2016-05-02,57267dab38f0d81e1a727865
"b'Hal Prince Withdraws From &#8216;The Band&#8217;s Visit,&#8217; and David Cromer Will Direct'",2016-02-01,56afbb6338f0d849125592a0
"b'Arts Center at Ground Zero Has a New Design, and Barbra Streisand in Charge'",2016-09-09,57d17d1638f0d82f70ca1351
"b'The Playlist: Thundercat Unplugs, Young M.A. Gets Remixed'",2016-08-27,57c09b8438f0d834fc45a9ea
b'Who Needs Sets or Fancy Costumes for These Mozart Operas?',2016-08-20,57b7622238f0d87c6b50c543
"b'New Albums From Aoife O\xe2\x80\x99Donovan, Aru\xc3\xa1n Ortiz Trio, Dr. Lonnie Smith and Others'",2016-01-24,569fb68d38f0d85519ba7d72
b'Is Bandcamp the Holy Grail of Online Record Stores?',2016-08-20,57b777bb38f0d87c6b50c581
"b'Things to Do in the Hudson Valley, July 30 Through Aug. 7'",2016-07-31,579a88e038f0d81bd1ba5748
b'Drake Holds Off Beyonc\xc3\xa9 and Radiohead for Another Week at No. 1',2016-05-17,573a48e738f0d84a2689a752
b'Barbra Streisand Sets the Record Straight',2016-08-07,57a1cece38f0d8762aab6a99
"b'Review: \xe2\x80\x98We Are King,\xe2\x80\x99 With Its Deep R&amp;B Strategies, Is a Musicians\xe2\x80\x99 Album'",2016-02-04,56b2777638f0d82036f0a872
b'Review: Maxwell\xe2\x80\x99s Sensual R&amp;B Makes a Big Room Intimate',2016-02-16,56c2569938f0d810c38f607c
b'Review: Les Arts Florissants in a Heady Mix of Cabaret and Miley Cyrus',2016-04-16,5711565938f0d86b7a1cd197
b'Rihanna\xe2\x80\x99s \xe2\x80\x98Anti\xe2\x80\x99 Is the Record You Make When You Don\xe2\x80\x99t Need to Sell Records',2016-02-08,56b91ca438f0d8035b1d6174
b'Spotify Reaches Settlement With Publishers in Licensing Dispute',2016-03-18,56eb431b38f0d82753b97373
b'How an Unlikely Duo Became the Hottest Songwriters in Pop Music',2016-01-10,568e914538f0d82b2249c72f
b'A Day With Prince at Paisley Park',2016-04-21,57193fc738f0d80deffe5c3b
"b""'He Was Family': Music Star Prince Stayed Home in Minnesota""",2016-04-24,571c61c138f0d84a765c09cc
b'Sales Soar for Late Singer Prince as His Music Tops Billboard Charts',2016-04-25,571e8d3338f0d86688737144
"b'Prince, Haggard, Bowie, White, Frey: Lousy Year for Music'",2016-04-22,5719b59e38f0d80deffe5e2d
"b""'He Was Family': Music Star Prince Stayed Home in Minnesota""",2016-04-23,571bcbf538f0d84a765c08f3
b'Music Superstar Prince Dies Aged 57 at Minnesota Home',2016-04-21,571907e438f0d80deffe5b30
b'Slave Trade: How Prince Re-Made The Music Business',2016-05-01,572655c338f0d81e1a7277e8
"b'Things to Do in Connecticut, July 23 Through 31'",2016-07-24,579132be38f0d87a83eba759
"b'Things to Do in the Hudson Valley, July 23 Through 31'",2016-07-24,57912ff938f0d87a83eba74f
"b""Dracula Comes 'a-Live' With Music""",2016-07-05,577bfeed38f0d849682ddb0f
b'News Q&#8217;s | The Life and Legacy of Prince',2016-04-25,571dd93238f0d8550bf1a881
"b""A Synthesizer of Sounds, Prince 'Rewrote the Rulebook'""",2016-04-22,5719c51e38f0d80deffe5e5e
b'Review: Royal Shakespeare Company\xe2\x80\x99s \xe2\x80\x98King and Country\xe2\x80\x99 at BAM',2016-04-05,5702d88b38f0d828b0bfad03
b'Spotify Hires Troy Carter as a Liaison With Artists',2016-06-07,5755d6ce38f0d839b19247b6
b'You Might Be Overpaying for Streaming Music',2016-07-05,577bdb1f38f0d849682dda90
b'\xe2\x80\x98Your Favorite Band Is Killing Me\xe2\x80\x99 and \xe2\x80\x98Your Song Changed My Life\xe2\x80\x99',2016-06-05,574f1aa438f0d84d603091f0
"b""Artist Says Prince Illustrations Are Now 'Tribute' to Icon""",2016-04-24,571ca1c138f0d84a765c0a58
b'Prince Smashes Billboard Sales Records Following Death',2016-06-01,574f23e738f0d84d60309223
b'Heard of \xe2\x80\x98Aureliano in Palmira\xe2\x80\x99? You Probably Know the Overture',2016-07-16,5789538b38f0d829e63dde78
b'BET Awards Full of Prince Tributes and Political Moments',2016-06-26,576feb6838f0d8124116e7bd
b'Minneapolis Block Party for Prince Goes All Night',2016-04-22,571a132a38f0d80deffe5fca
b'APNewsBreak: Madonna to Honor Prince at Billboard Awards',2016-05-11,5733660538f0d857ffcae63f
"b'Whitney Houston, Prince Memorabilia to Hit Auction Block'",2016-06-23,576bc86338f0d83413c93f07
b'Starstruck Reporter Recalls Surprise Encounter With Prince',2016-04-21,571966d338f0d80deffe5d01
"b'The Latest: Superstar Singer, Songwriter Prince Dies at 57'",2016-04-21,571911f338f0d80deffe5b67
"b'Prince, Hugely Inventive, Influential Musician, Dead at 57'",2016-04-21,5719609d38f0d80deffe5ceb
b'Prince Estate Administrator Proposes Timeline for Claims',2016-06-03,5751978438f0d86ce3333394
"b""'Saturday Night Live' Airs Prince Tribute Show""",2016-04-24,571c524438f0d84a765c09bd
b'Billboard Producer Defends Choosing Madonna to Honor Prince',2016-05-18,573c742538f0d86c87c2ce7e
"b""A Prince on Screen, From 'Purple Rain' to 'Graffiti Bridge'""",2016-04-21,571958ea38f0d80deffe5cc9
"b""Minnesota Governor Declares 'Prince Day' to Mark Birthday""",2016-06-06,5755e9b938f0d839b19247f3
"b""Pop Icon Prince Writing Memoir 'The Beautiful Ones'""",2016-03-19,56ed18b938f0d866ee621758
"b""'Captain America' Team Pay Tribute to Prince""",2016-04-22,571a401a38f0d80deffe60a5
"b""Bassist: Prince Found 'Real Happiness' as Jehovah's Witness""",2016-05-03,5728464438f0d80b105e419e
"b'Madonna, Stevie Wonder Pay Homage to Prince at Billboard'",2016-05-22,5741bf0c38f0d86cbc753cbc
b'Key Prince Career Executives Retained for Estate Management',2016-06-16,5763749338f0d83da36e05fd
b'Prince Had Painkiller Percocet in His System: Reports',2016-05-05,572b807638f0d83ff98d7c43
"b'Opioid Medication Found on Prince, at Death Scene: Media'",2016-04-28,5721913538f0d83acb9a62cd
b'Prince Siblings in Probate Court in 1st Hearing on Estate',2016-05-02,5726e98438f0d81e1a7279b4
b'Review: Philharmonia Baroque Unearths a 300-Year-Old Rarity',2016-05-10,5731074e38f0d81c1525b4fc
b'Review: Ana Moura and Buika Negotiate Between Roots and Rules at Carnegie',2016-04-29,5722728338f0d83c40473aed
b'The Latest: Investigators Consider Overdose in Prince Death',2016-04-28,57223f4038f0d83c404739c7
b'Celebrities React With Anguish to Death of Prince at 57',2016-04-21,571911f938f0d80deffe5b68
"b'Grieving, Sheila E. Recounts Her Decades With Prince'",2016-04-22,571a976438f0d830b440ba3f
"b""Memorial for Prince Held at His Jehovah's Witnesses Church""",2016-05-15,57390a3138f0d83bc1f16209
"b""'Most Beloved' of Prince Family, Friends Bid Farewell""",2016-04-24,571c61bf38f0d84a765c09cb
"b'Paid Notice: Memorials  BRYANT, M. TRAVIS, PASSED AWAY ON MARCH 22, 2016 IN NEW YORK CITY. TRAVIS ATTENDED THE AMERICAN BOYCHOIR SCHOOL FROM 1952 TO 1958. HE APPEARED ON THE EARLY TV SERIES ""BONINO"" STARRING EZIO PINZA IN 1953. HE WAS A STAGE MANAGER FOR BUCKS COUNTY PLAYHOUSE AND THE NEW YORK CITY PRINCE STREET PLAYERS. TRAVIS JOINED THE NEW YORK TIMES IN 1980, RETIRING IN 2006 AS NEWSROOM NIGHT SUPERVISOR. TRAVIS, A LIFELONG COMPOSER, HAD WRITTEN OVER 30 SONGS, PLAYS AND LIBRETTI, INCLUDING ""THE TOWER OF BABEL,"" ""GENESIS"" AND ""REQUIEM FOR OUR MOTHERS"" WITH MUSIC BY HIS FATHER, DONALD BRYANT. MEMORIAL SERVICE MONTCLAIR UNITARIAN CONGREGATION, 67 CHURCH STREET, MONTCLAIR, NJ, APRIL 16, 2016, AT 5PM. 1'",2016-04-08,5711ab4d38f0d86b7a1cd259
b'Prince Died on Eve of Planned Meeting With Addiction Doctor',2016-05-04,572a09ba38f0d8018edde2fd
"b'Former Prince Assistant Says He Was Healthy, Energetic'",2016-05-03,57290bf438f0d8018edde046
b'Madonna Responds to Critics of Her Prince Tribute',2016-05-23,57436ae638f0d807404f0a0b
"b'Madonna Honors Prince, Dion Inspires at Billboard Awards'",2016-05-23,5742958c38f0d87318c47816
b'Review: The English Concert Performs Handel\xe2\x80\x99s \xe2\x80\x98Orlando\xe2\x80\x99 at Carnegie Hall',2016-03-15,56e72d5e38f0d83d7cbf4e22
b'Prince Was a One-Man Band and a Friend to Many Others',2016-04-25,571dc15338f0d8550bf1a803
"b'Your Monday Briefing: Prince, Donald Trump, Ohio'",2016-04-25,571de74d38f0d8550bf1a8ca
"b'The Latest: Feds, Including DEA, Join Prince Investigation'",2016-05-04,572a2e7738f0d81d0f191c90
b'The Latest: Prince to Be Honored in New Orleans Jazz Funeral',2016-04-22,571a2d3638f0d80deffe6045
"b""'Prince of Tides' Author Pat Conroy Dies at 70""",2016-03-04,56da668d38f0d83eee097a60
b'Review: Mayhem! Gambling! Disco! In \xe2\x80\x98Disaster!\xe2\x80\x99 It\xe2\x80\x99s All There for the Spoofing',2016-03-09,56df91b738f0d836dc035bdb
b'Loretta Lynn Mines a Legacy of Heartaches and High Notes',2016-02-28,56ceecca38f0d8622592d6c5
b'David Bowie: Invisible New Yorker',2016-01-17,569a22cd38f0d86a572ec212
"b'Your Friday Briefing: Prince, Elizabeth II, Shakespeare'",2016-04-22,5719f3d138f0d80deffe5f34
"b'Pros, Sure. But Reborn as Party Animals on the Dance Floor.'",2016-07-31,579b81ab38f0d83c0fcf7743
"b'Pat Conroy, Author of \xe2\x80\x98The Prince of Tides\xe2\x80\x99 and \xe2\x80\x98The Great Santini,\xe2\x80\x99 Dies at 70'",2016-03-05,56da68b138f0d83eee097a64
b'\xe2\x80\x98The Little Mermaid\xe2\x80\x99 to Be Performed Live in Los Angeles',2016-04-07,570589e138f0d86865ca5277
"b'Politically Charged BET Awards Honor Prince, Muhammad Ali'",2016-06-27,5770d42c38f0d81704054970
b'Minnesota Judge to Hold 2nd Hearing in Prince Estate Case',2016-06-26,576ff54638f0d8124116e7ce
"b""Sales of Prince Songs, Albums Spike After Superstar's Death""",2016-04-25,571db28e38f0d8550bf1a7d1
b'Review: \xe2\x80\x98Broadway Premieres\xe2\x80\x99 at Symphony Space',2016-04-09,57083e0e38f0d82e06069823
b'Review: Esperanza Spalding\xe2\x80\x99s Funk Enlightenment',2016-03-03,56d766a338f0d8655e09bb44
b'Review: Kelli O\xe2\x80\x99Hara\xe2\x80\x99s Operatic Turn in \xe2\x80\x98Dido and Aeneas\xe2\x80\x99',2016-04-30,5723dafd38f0d83e7bbb5664
b'Maxwell Is on His Own Timetable',2016-07-03,5774fbcb38f0d85f475784c0
"b""Beyonce's 'Lemonade' Tops Billboard, Prince Reigns on Album Chart""",2016-05-02,5727945a38f0d80b105e4009
"b'Prince Died Without a Will, Sister Lists Six Siblings as Heirs'",2016-04-26,571f991538f0d80819781aca
"b""Minnesota Governor Declares 'Prince Day' to Honor Late Singer""",2016-06-07,5756e95638f0d839b1924a57
"b'Dapper as Ever, Kid Creole Dresses Up His Songs for a New Musical'",2016-05-22,573daadf38f0d81236fa8163
b'Jazz Listings for May 6-12',2016-05-06,572bc08a38f0d83ff98d7dc5
b'Publicist: Pop Superstar Prince Dies at His Minnesota Home',2016-04-21,57190ae438f0d80deffe5b47
b'What Would Miles Davis Do? Robert Glasper Has an Idea',2016-05-26,5746152a38f0d84339750f1f
b'Life of Rock Superstar Prince Celebrated in New Comic Book',2016-06-03,5751fbf238f0d8118c45358d
"b""Sheila E., D'Angelo, The Roots to Honor Prince at BET Awards""",2016-06-07,5756f15838f0d8514b3cec15
"b'The Boy From Brooklyn: David Geffen Comes Home, With Cash to Spare'",2016-02-21,56c8474d38f0d83592db64c2
b'The Late: Tribute to Prince Closes Jazz Fest Day 1',2016-04-22,571a5bac38f0d830b440b94b
b'Minnesota Radio Station Arranges Prince Song Simulcast in US',2016-05-03,5729103f38f0d8018edde05a
b'Pop &amp; Rock Listings for March 25-31',2016-03-25,56f4618738f0d81726914f1e
"b'Stevie Wonder, Eric Benet, More Honor Prince in Los Angeles'",2016-05-07,572e292038f0d804c36c1574
"b""Prince Says He's Writing a Memoir, Performs for NYC Audience""",2016-03-18,56ec9dc138f0d866ee621687
b'Stevie Wonder Added to Prince Tribute Lineup at BET Awards',2016-06-23,576c3e4438f0d8520fd88feb
"b""LA Children's Choir Pays Homage to Prince With Musical Tribute""",2016-04-22,571aadc938f0d830b440baac
"b""Eric Clapton Recalls How Prince Inspired 'Holy Mother'""",2016-04-23,571bd52038f0d84a765c0905
b'Douglas Dons Purple in Honor of Prince at Tribeca Film Fest',2016-04-24,571ce3d338f0d84a765c0b45
b'Michelle Obama Helps Prince Harry Launch Second Invictus Games',2016-05-09,573068e838f0d80c20d0e17b
"b'Prince Cremated; Family, Friends Honor Him at Ceremony in Minnesota'",2016-04-23,571c0f7738f0d84a765c094b
b'Prince Estate Lawyers May Get Blood Sample for Possible Paternity Claims',2016-05-06,572d27b038f0d8660f313e14
b'Still No Will Found for Prince as Minnesota Court Opens Probate Process',2016-05-02,572734ba38f0d81e1a727a5c
b'Singer Prince Died of Accidental Painkiller Overdose: Medical Examiner',2016-06-02,57505c5c38f0d86ce3332fc8
b'Prince Fans Dance Grief Away at All-Night Minneapolis Party',2016-04-22,5719f7bc38f0d80deffe5f47
b'Prince Siblings Stand to Make Millions but Keep Low Profiles',2016-05-02,5727d10b38f0d80b105e40bd
"b""Beyond Music, Prince's Legacy Includes Black Activism""",2016-04-24,571cef2638f0d8550bf1a4de
"b""The Latest: Lawyer: Addiction Doctor Didn't Give Prince Meds""",2016-06-02,57506cb338f0d86ce333300b
b'Prince Death Sparks Minnesota Bill to Clarify Artist Rights',2016-05-10,5731ea7b38f0d81c1525b7bd
"b""Arsenio Hall Sues Sinead O'Connor Over Prince Drug Accusations""",2016-05-06,572cbeed38f0d83ff98d82bc
"b'Colorado Inmate Claims Prince Is His Father, Seeks DNA Test'",2016-05-10,57320ccf38f0d83b1f37131c
"b""'Prince of Tides' Author Pat Conroy Lauded After Death at 70""",2016-03-05,56db38e038f0d861835e2704
"b'Prince Family, Friends Bid a Loving Goodbye to Pop Icon'",2016-04-23,571b0d7538f0d830b440bbd9
b'Popcast: Prince\xe2\x80\x99s Fateful Flight and Judith Hill\xe2\x80\x99s Story',2016-06-24,576c130738f0d8520fd88f32
"b""Will Prince's Control of His Music Extend From the Grave?""",2016-04-22,571a050938f0d80deffe5f89
b'Left-Field Musicals Take Center Stage',2016-02-21,56c6035538f0d809a189bb7a
"b""Sinead O'Connor Is Known as Much for Her Opinions as Music""",2016-05-16,573a4c6738f0d84a2689a762
"b""Prince's Family Planning Memorial to Late Music Superstar""",2016-05-07,572e11f038f0d804c36c1516
b'Pop &amp; Rock Listings for May 20-26',2016-05-20,573e4a2038f0d8366bbdfe9b
"b'Love and Loss, Set to Music, During the Holocaust'",2016-05-05,572a6a3638f0d81d0f191d67
b'Beyonc&eacute; Will Join Coldplay at Super Bowl 50 Halftime Show',2016-01-08,568ff2d738f0d8376e3dece9
b'Brian Wilson Memoir Coming in October',2016-04-13,570d1d7338f0d804a21a3dfa
b'Review: Paul McCartney\xe2\x80\x99s Yesterdays. All of Them.',2016-05-06,572bb6ee38f0d83ff98d7d7e
"b'Review: For This Spin on \xe2\x80\x98Sleeping Beauty,\xe2\x80\x99 Someday Her Princess Will Come'",2016-05-02,5726840a38f0d81e1a727883
b'The Gospel Singer Mavis Staples to Get Kennedy Center Honor',2016-06-24,576bf97738f0d83413c93faf
"b'Papa Wemba\xe2\x80\x99s Influential, Cross-Cultural Chic'",2016-05-06,5720f01738f0d83acb9a5fc4
b'Avicii Retires From Performing Live',2016-03-30,56faa69638f0d816b6b7e105
b'How to Experience David Bowie\xe2\x80\x99s New York',2016-01-31,56a9075f38f0d80e5355c802
"b""Rap's Arrested Development Still Making Music on Their Terms""",2016-06-22,576a95ec38f0d80acef1718c
b'Kodak Black\xe2\x80\x99s \xe2\x80\x98Lil B.I.G. Pac\xe2\x80\x99 Wrestles With Hard Choices',2016-06-23,576b0ad638f0d83413c93d41
b'Coldplay and Beyonc\xc3\xa9 Hope to Match Past Spectacles at Super Bowl Halftime Show',2016-02-04,56b282ee38f0d82036f0a89f
b'Skepta and Dizzee Rascal Illustrate Grime\xe2\x80\x99s Push and Pull',2016-05-09,572fac7138f0d80c20d0dfd0
b'8 Ways to Celebrate David Bowie\xe2\x80\x99s Life in New York City',2016-01-31,569e884a38f0d85519ba79d2
"b'Peter Maxwell Davies, Contrarian British Composer, Dies at 81'",2016-03-15,56e724ec38f0d83d7cbf4e0a
b'How David Bowie Challenged MTV on Race',2016-01-14,5696b52b38f0d865e6c348bc
b'Pacific Northwest Ballet Returns to City Center',2016-02-21,56c71fed38f0d809a189bed0
b'Does Anybody Still Loathe Phil Collins? (Even \xe2\x80\x98In the Air Tonight\xe2\x80\x99?)',2016-01-29,56abeb4938f0d87a4195755c
b'Publicist Says Prince\xe2\x80\x99s Remains Cremated as Family and Bandmates Mourn Death',2016-04-23,571bc4f338f0d84a765c08ec
b'Natalie Cole Remembered With Mix of Music and Laughter',2016-01-11,569440d138f0d80745b735e4
b'Kanye West Is Fixing His Album in Public. You\xe2\x80\x99ll Want to Read the Edits.',2016-02-21,56c7bae738f0d83592db63b8
b'Kamasi Washington\xe2\x80\x99s Giant Step',2016-01-24,56a0c85138f0d80627b20d34
"b'At Billboard Awards, a Red Carpet That\xe2\x80\x99s More Vegas Strip Than Runway'",2016-05-26,5742f77138f0d87318c479ab
"b'The Dixie Chicks and Kacey Musgraves, Two Sides of Country Rebels'",2016-06-15,57607f3638f0d879a23594c5
b'The Remix Grammy: For the Art and Science of the Musical Cocktail',2016-02-10,56ba5a1238f0d831a89167cd
"b'At Carnegie Hall, a New Leader With a Son Named Hendrix'",2016-06-03,5750903238f0d86ce3333081
"b""Sony Buys Michael Jackson's Stake in Music Catalog for $750M""",2016-03-14,56e7883738f0d83d7cbf4f05
b'The Psychology of Genre',2016-05-29,5749e3bb38f0d8190d624134
b'One Man\xe2\x80\x99s Mission to Keep Musicians\xe2\x80\x99 Legacies Alive',2016-06-19,57641eba38f0d8589e8e200f
"b""Spike Lee's Michael Jackson Doc a Tribute to His Music""",2016-01-24,56a59be738f0d81529067c6f
b'How Daveed Diggs of \xe2\x80\x98Hamilton\xe2\x80\x99 Spends His Sundays',2016-05-29,5748dfa338f0d805f67c8782
"b'With Women in Command, the Met Opera Addresses a Gender Gap'",2016-09-18,57db0dcd38f0d827b2ae5cd5
b'What Does Your Playlist Say About You?',2016-05-09,572f2ac538f0d804c36c17df
b'Beyonc\xc3\xa9\xe2\x80\x99s \xe2\x80\x98Lemonade\xe2\x80\x99 Comes to iTunes',2016-04-25,571d1f5a38f0d8550bf1a581
b'Gloria Estefan Congas Her Way Through a Night in Her Honor',2016-05-08,572bb7a838f0d83ff98d7d84
"b'Things to Do on Long Island, May 28 Through June 5'",2016-05-29,5748bcc138f0d805f67c872f
b'Global Flavors and Asides to Obamas at White House Jazz Gala',2016-05-02,57255cc338f0d83e2a515158
"b'Trash and Vaudeville, a Punk Emporium, Leaves Its East Village Home'",2016-02-29,56d3b85b38f0d86ef22e17f0
b'The Top 10 Songs and Albums on the iTunes Store',2016-04-29,5723a9ce38f0d83e7bbb555e
b'Bronx School Embraces a New Tool in Counseling: Hip-Hop',2016-01-20,569e8fa438f0d85519ba79f2
b'Spanish Missionary Who Devoted Life to Poor Killed in Haiti',2016-09-02,57ca09b838f0d8656933ffd0
b'The Boycott Before: Rap and Resentment at the 1989 Grammys',2016-02-11,56bbc1d138f0d862fbbced53
b'Vinyl Mania Can\xe2\x80\x99t Save the Greenwich Village Record Stores',2016-06-12,575b472938f0d82d6b87476b
"b""Pavarotti's Family Tells Trump to Stop Using Beloved Aria""",2016-07-21,57912ed338f0d87a83eba749
b'The Top 10 Songs and Albums on the iTunes Store',2016-04-22,571a58e238f0d830b440b93f
b'Munich Raises Security for Beer Festival After Islamist Attacks',2016-08-17,57b45f4438f0d828cf0cf2f9
b'Quotations in the News',2016-04-25,571dc2b138f0d8550bf1a80a
b'Review: A Zany Ren\xc3\xa9e Zellweger and Mystery Daddy in \xe2\x80\x98Bridget Jones\xe2\x80\x99s Baby\xe2\x80\x99',2016-09-16,57d9c43838f0d8032b9f9904
b'What\xe2\x80\x99s on TV Saturday: \xe2\x80\x98The Revenant\xe2\x80\x99 and \xe2\x80\x98The Beatles: Eight Days a Week\xe2\x80\x99',2016-09-17,57dccdf238f0d84ba6a0c788
b'What to Cook This Week',2016-09-18,57deae4e38f0d8672a799c03
b'Hunt for Yield Leads U.S. Mutual Fund Managers to Private Assets',2016-09-16,57dc123f38f0d827b2ae5f8b
"b""Spotify's Top 10 Most Viral Tracks""",2016-05-03,5728f29738f0d8018edddfed
b'What We&#8217;re Reading',2016-08-30,57c5f63138f0d86e463c40e7
b'What\xe2\x80\x99s on TV: \xe2\x80\x98Black Orpheus\xe2\x80\x99 and \xe2\x80\x98The Walking Dead\xe2\x80\x99 Marathon',2016-08-14,57affaf138f0d875ee03f1ab
b'Rhythm and Blues Group Plans Induction Ceremony Near Detroit',2016-06-18,5765d41d38f0d86d6f5e7df0
"b""Saudi Snow City Tests Kingdom's Capacity for Fun""",2016-07-28,5799ffde38f0d87cf647e4aa
"b""Obama's Summer Playlist: A Little Pop to a Little Hip Hop""",2016-08-11,57ac9afb38f0d82bd852d036
b'Today in History',2016-08-28,57c262a138f0d844592798f3
"b""Court Names Administrator for Superstar Prince's Estate""",2016-04-27,572108d438f0d83acb9a6057
"b""Two More People File Claims to Prince's Estate""",2016-05-18,573d0f9538f0d81236fa7fa9
"b""Prince's Former Wives Issue Messages of Grief""",2016-04-22,571ab38038f0d830b440babb
"b""Prince's Final Shows: Intimate, Playful With a Bowie Tribute""",2016-04-24,571d0d5238f0d8550bf1a543
"b""Fans' Holy Grail: Unreleased Songs in Prince's Vault""",2016-04-28,572274c238f0d83c40473af6
"b'Apple Flounders, but Tidal Will Not Steady the Boat'",2016-07-02,5776cc5238f0d81f396c0420
"b""Pop Icon Prince's Death Tempers Celebration at Jazz Fest""",2016-04-22,571a0b6438f0d80deffe5fa5
b'The Top 10 Songs and Albums on the iTunes Store',2016-05-06,572cd2dc38f0d8660f313c20
b'Quotations in the News',2016-04-22,5719d8c738f0d80deffe5eb2
"b""Spike Lee Throws Dance Party Ahead of Prince's 58th Birthday""",2016-06-04,5753465f38f0d8278c72e927
"b""Prince's Estate to Be Temporarily Managed by Trust Company""",2016-04-27,5720fc5d38f0d83acb9a600b
b'Around Town for Sept. 23-29',2016-09-23,57e47c1738f0d80528a04cfd
b'Mark Twain Found Inspiration in Germany (Though Not German)',2016-08-21,57b3389e38f0d828cf0cefef
"b""Magic Memories: Prince's Warmth and Wit Shone in Private""",2016-04-22,571a127638f0d80deffe5fc5
"b""No Signs of Trauma or Suicide in Prince's Death: Police""",2016-04-22,571a30a238f0d80deffe6056
b'Review: Marley\xe2\x80\x99s Cafe Is a Sweet Spot With a Reggae Soundtrack',2016-08-07,57a4bf2738f0d849a1ea3ad6
b'New York Today: How \xe2\x80\x99Bout Our Apples?',2016-09-23,57e4fcd738f0d80528a04e07
b'Dance Listings for Aug. 19-25',2016-08-19,57b64eea38f0d85e80c66d71
"b""Disputed Gabon Poll May Harm 'Global Citizen' Bongo""",2016-09-27,57ec552038f0d80e3dd9ce80
"b""Prince's Death Raises Numerous Questions About Prior Health""",2016-04-22,5719c5c238f0d80deffe5e60
"b'Madonna, Kesha, Dion Rule the Stage at Emotional Billboard Awards'",2016-05-23,574286b838f0d87318c477e6
"b'In \xe2\x80\x98Fly Away,\xe2\x80\x99 Rashid Johnson Keeps the Focus on Race'",2016-09-16,57db0b1238f0d827b2ae5cc8
b'Yahya Abdul-Mateen II Trades His T Square for a Netflix Role',2016-08-04,57a25b4c38f0d8132767031a
b'The Top 10 Songs and Albums on the iTunes Store',2016-05-13,57360aa038f0d81c1d2c8d0e
b'What\xe2\x80\x99s on TV Thursday',2016-07-21,579056e338f0d85ae5114a9d
"b""In Prince's Songs, an Irresistible Invitation to Party""",2016-04-21,57193c2038f0d80deffe5c24
"b'Review: An \xe2\x80\x98Idiot,\xe2\x80\x99 Telling a Tale'",2016-05-04,572957a738f0d8018edde103
"b'A New Theater Season of Hitting the Boards Hard, From Broadway to Oregon'",2016-09-18,57d9a17538f0d8032b9f989a
"b""AP Source: DNA Test Shows Colorado Inmate Not Prince's Son""",2016-06-23,576b6f3838f0d83413c93e22
"b'Review: Dark Comedy, a Farcical Marriage and the Self at the New York Musical Festival'",2016-07-26,57967f0838f0d84855eae7ca
"b'Paid Notice: Deaths  BELSITO-LOVE, THERESE '",2016-01-30,56addb2338f0d81d27cb2307
"b'Paid Notice: Deaths  BRYANT, M. TRAVIS'",2016-04-07,5707731338f0d80c5759508f
b'A Radical Reinterpretation of \xe2\x80\x98Swan Lake\xe2\x80\x99',2016-01-31,56a9097b38f0d80e5355c811
b'Invictus Games End With Glittering Ceremony',2016-05-13,5735e46338f0d878c28731fe
"b'Paid Notice: Deaths  BELSITO, LOVE, THERESE'",2016-01-31,56b8144538f0d87ed55e9757
"b'Grammys to Include Streaming-Only Tracks, More Changes'",2016-06-16,57629d9138f0d81a0f68f6da
"b""Colorado Inmate Files First Claim of Paternity in Prince's Estate""",2016-05-10,5732610938f0d83b1f371436
"b'Singer, Actress Denise Matthews, Known as Vanity, Dies'",2016-02-16,56c3822838f0d82fc3a19952
b'10 Things to Know for Friday',2016-04-22,5719f42a38f0d80deffe5f37
b'N.F.L. Week 1: Here\xe2\x80\x99s Who We Think Will Win',2016-09-11,57d2d53a38f0d856d8c9ac93
b'A Pop-Up for NYC Surfers \xe2\x80\x94 Minus the Board Shorts and Kitsch',2016-07-12,578534f738f0d804dfd9b914
"b""AP Source: DNA Test Shows Colorado Inmate Not Prince's Son""",2016-06-22,576ae0c338f0d83413c93c8b
b'British Royal Couple Goes on Northeast India Safari',2016-04-12,570cbc0238f0d863e460bd19
"b""Prince's Sister Says Musician Had No Known Will""",2016-04-26,571ef61438f0d866887372d7
b'Today in History',2016-07-29,579ad5b038f0d81bd1ba57e4
"b""New Orleans Ready to 'Party With a Purpose' at Essence Fest""",2016-06-30,5774d10338f0d85f47578435
b'Invictus Games Conclude With Spectacular Closing Ceremony',2016-05-12,5735328238f0d878c2872f10
"b'\xe2\x80\x98The Passion,\xe2\x80\x99 a Live Musical on Fox'",2016-03-20,56e97d0638f0d85c820e66bf
b'Yale Rep to Debut Works by Amy Herzog and Sarah Ruhl',2016-03-11,56e2ec7838f0d87369b242ac
b'Submit Questions for Ilene Chaiken of \xe2\x80\x98Empire\xe2\x80\x99',2016-05-10,5731f72638f0d81c1525b7f3
b'David Bowie to Be Honored at Carnegie Hall',2016-01-10,5693372f38f0d801cf86fad7
b'Dance Listings for Aug. 12-18',2016-08-12,57ad172e38f0d849169cc15c
"b'Review: In \xe2\x80\x98Ropes,\xe2\x80\x99 a High-Wire Act of Brotherly Bonding'",2016-03-06,56da158038f0d83eee097993
b'Movie Listings for Sept. 23-29',2016-09-23,57e4685738f0d80528a04cd1
b'Religion News in Brief',2016-05-04,572a38e438f0d81d0f191cae
b'\xe2\x80\x98The Get Down\xe2\x80\x99 on Netflix: A Superhero Fable About the Birth of Hip-Hop',2016-08-07,57a33c6e38f0d81327670516
"b'Corrections: August 7, 2016'",2016-08-07,57a6c66138f0d85b4d066ece
"b'Review: \xe2\x80\x98The Merchant of Venice\xe2\x80\x99 With Extra Fog, Moral and Atmospheric'",2016-07-23,5792964f38f0d81cba92517e
b'Jazz Listings for Aug. 5-11',2016-08-05,57a3d27238f0d82e7f95788c
b'What\xe2\x80\x99s on TV Sunday',2016-06-26,576f616438f0d8124116e6f3
b'Guy Hands Abandons Legal Battle With Citigroup Over EMI',2016-06-11,575ac37738f0d80f3c48a3f5
b'Today in History',2016-08-06,57a561a438f0d849a1ea3c5a
"b'Alisa Bellettini, Creator of MTV\xe2\x80\x99s \xe2\x80\x98House of Style,\xe2\x80\x99 Dies at 61'",2016-02-25,56ce616538f0d8622592d522
b'Mamet to Return to the Atlantic Theater Next Season',2016-05-24,57435d8038f0d807404f09ed
b'A Day in Bed-Stuy With Its Favorite Creative Couple',2016-07-13,5786a7dc38f0d80e646b3a26
"b""Sinead O'Connor Found Safe After Going Missing in Chicago Area""",2016-05-16,5739f5c538f0d84a2689a5ee
"b'Saudi Arabia\xe2\x80\x99s Top Cleric Forbids Chess, but Players Maneuver'",2016-01-22,56a1691738f0d83189a62cc2
b'10 Things to Know for Today',2016-04-22,571a05bf38f0d80deffe5f8e
"b""There's No Quit in Mavis Staples, or Her Voice""",2016-03-02,56d6f37938f0d83a4dd60fc9
b'Around Town for Aug. 12-18',2016-08-12,57ad1ce238f0d849169cc161
b'Jazz Listings for Aug. 12-18',2016-08-12,57ad147438f0d849169cc152
"b""Paul Simon, My Morning Jacket Close Out Friday's Jazz Fest""",2016-04-29,57239a7038f0d83e7bbb5506
"b""Song by Haiti's Outgoing Leader Jeers at Female Journalist""",2016-02-02,56b038b638f0d849125593d5
b'Dylan Fest Honors a Still Living Legend',2016-05-24,5744bdb338f0d821f0cf8834
"b'Review: In \xe2\x80\x98Dog Days,\xe2\x80\x99 a Family Clawing for Survival'",2016-01-11,5692daa638f0d801cf86f9e8
b'Movie Listings for Sept. 30-Oct. 6',2016-09-30,57ed98cd253f0a4a5c188bb5
b'Museum & Gallery Listings for Sept. 23-29',2016-09-23,57e47b5538f0d80528a04cfc
b'10 Things to Know for Monday',2016-05-22,57425f6038f0d87318c47754
b'A Chill in the Air? Stay Inside and Watch TV',2016-09-18,57dc053038f0d827b2ae5f48
"b'Review: \xe2\x80\x98Death for Five Voices,\xe2\x80\x99 About a Vanguard Composer'",2016-04-04,5701cab438f0d819809219b1
"b""'Miles Ahead' Plumbs Mute Years of Jazz Icon Miles Davis""",2016-03-31,56fd457338f0d83ee3736693
"b'Review: \xe2\x80\x98Our Little Sister,\xe2\x80\x99 or What We Found at Dad\xe2\x80\x99s Funeral'",2016-07-08,577ec58738f0d8658862af7b
b'Museum & Gallery Listings for Sept. 16-22',2016-09-16,57db2e6538f0d827b2ae5d5b
"b'Review: \xe2\x80\x98Miles Ahead,\xe2\x80\x99 an Impressionistic Take on Miles Davis'",2016-04-01,56fd890238f0d85faa67c47d
b'Saudis and Extremism: \xe2\x80\x98Both the Arsonists and the Firefighters\xe2\x80\x99',2016-08-26,57beb3c738f0d850d30c9260
"b'Paid Notice: Deaths  DAVIS, MELVIN JEROME'",2016-02-09,56c3f11338f0d82fc3a19aa9
"b'Paid Notice: Deaths  DAVIS, MELVIN '",2016-02-08,56b9b8a938f0d8035b1d6297
"b'In Basra Workshop, Iraqi Oud Maker Crafts Sought-After Instruments'",2016-04-18,5714ee2e38f0d812849cd61c
"b'Tony Warren, Creator of \xe2\x80\x98Coronation Street,\xe2\x80\x99 Dies at 79'",2016-03-05,56d7802538f0d8655e09bba3
"b'Paid Notice: Deaths  DAVIS, MELVIN JEROME'",2016-02-10,56c5426638f0d85d2735f64b
"b'Things to Do on Long Island, Aug. 6 Through 14'",2016-08-07,57a3bc5238f0d82e7f95784b
b'Art Fall Preview: From East Coast to West Coast. From Concrete to Ethereal.',2016-09-18,57dc236738f0d84ba6a0c5f0
b'10 Things to Know for Friday',2016-04-28,5721e00338f0d83acb9a6447
b'A Busy Queen Elizabeth II Pencils In a 90th Birthday',2016-04-21,571787a538f0d84444856758
b'10 Things to Know for Today',2016-05-23,5742d9b638f0d87318c47939
b'Around Town for July 15-21',2016-07-15,5788268e38f0d81aa65f6ea1
b'Around Town for Aug. 5-11',2016-08-05,57a3d9de38f0d82e7f9578a3
"b'Things to Do on Long Island, Aug. 13 Through 21'",2016-08-14,57ad003b38f0d849169cc11c
"b'Melissa Etheridge, Priscilla Renea Share Songwriting Secrets'",2016-04-27,5720be6738f0d82fc1b1010a
b'Museum & Gallery Listings for Sept. 9-15',2016-09-09,57d1ec5338f0d856d8c9aa27
b'Movie Listings for Aug. 12-18',2016-08-12,57ad0aff38f0d849169cc138
b'We Love \xe2\x80\x98Cats.\xe2\x80\x99 We Hate \xe2\x80\x98Cats.\xe2\x80\x99',2016-07-24,578f3da938f0d84bd30e9558
b'Dolce&Gabbana Jazz Things Up With Fashion Cacophony',2016-06-18,57659a6f38f0d86d6f5e7d8e
b'New York Today: Guitars in the City',2016-05-13,5735a62538f0d878c28730c6
b'Jesse Ball\xe2\x80\x99s New Novel Features a Teenage Arsonist',2016-07-24,579231b438f0d87a83ebaa1f
b'Museum &amp; Gallery Listings for Sept. 2-8',2016-09-02,57c8b62838f0d8299fa72f51
"b""When Stars Seek Medical Care, Risk of 'VIP Syndrome' Looms""",2016-06-11,575c319238f0d82d6b8748a2
"b'Things to Do on Long Island, July 30 Through Aug. 7'",2016-07-31,579a8dcf38f0d81bd1ba574e
"b""Prince's Autopsy, Toxicology Tests May Resolve Uncertainties""",2016-05-12,5734adec38f0d878c2872cae
b'Arcia Homers in 9th to Lift Twins to 4-3 Win Over Indians',2016-04-25,571ee53a38f0d86688737294
b'Museum &amp; Gallery Listings for Aug. 26-Sept. 1',2016-08-26,57bf7b8b38f0d810dcfbb206
b'Montreux Jazz Festival Celebrates 50th Edition',2016-06-30,577587c138f0d87c9d837920
b'Guy Hands Testifies He Did Not Make Up Claims Against Citigroup',2016-06-09,5758595c38f0d86d177aff9a
"b'In Air Travel Hub of Dubai, Zip Line Offers New Way to Fly'",2016-04-13,570e4c3c38f0d804a21a4172
"b""'Coronation Street' Creator Tony Warren Dies at 79""",2016-03-02,56d6d76d38f0d83a4dd60f7c
b'10 Things to Know for Today',2016-04-29,572330c738f0d83c40473e2d
"b""Spotify's Top 10 Most Viral Tracks""",2016-05-31,574dbc4a38f0d8334c662fa5
b'How \xe2\x80\x98The Sleeping Beauty\xe2\x80\x99 Tells Its Story Through Ballet',2016-06-28,5771767938f0d82529b0b333
"b'Review: Peck Adapts Andersen, and Good Fights Evil Amid Fine Plumage'",2016-04-25,571d3b0e38f0d8550bf1a5d9
b'What to Watch Monday',2016-02-29,56d3de6638f0d86ef22e1870
b'&apos;Me and Mrs. Jones&apos; Singer Billy Paul Dies at Age 80',2016-04-24,571d73f338f0d8550bf1a6b3
b'Big Freedia Twerking Her Way to Stardom',2016-04-30,5724bb5838f0d83e7bbb595a
"b'\xe2\x80\x98Swan Lake,\xe2\x80\x99 and Its 32 Fouett\xc3\xa9s'",2016-06-17,575eedfd38f0d857e3eda52c
b'Review: A \xe2\x80\x98Sleeping Beauty\xe2\x80\x99 Revival Rich in Details and Rewards',2016-07-01,5775902338f0d87c9d83794a
"b""Eric Clapton 'Kind of Might Be Saying Goodbye'""",2016-05-17,573b45f038f0d86c87c2c913
b'The Latest: Obama Gives Cameron Custom Shinola Watch',2016-04-22,571a16a838f0d80deffe5fda
"b'Things to Do in Connecticut, July 30 Through Aug. 7'",2016-07-31,579a957238f0d81bd1ba5763
b'Museum &amp; Gallery Listings for Aug. 19-25',2016-08-19,57b6520d38f0d85e80c66d79
b'Museum & Gallery Listings for Sept. 30-Oct. 6',2016-09-30,57ed8b20253f0a4a5c188b7b
b'What&#8217;s on This Week Around the World',2016-01-01,56868fee38f0d85a6c1302ec
"b'Royalty, Obama & Fans Mark 400 Years Since Shakespeare Died'",2016-04-23,571b3bd838f0d830b440bc1c
b'Indians Spoil Berrios Debut With 6-5 Win Over Twins',2016-04-28,5721908b38f0d83acb9a62cb
"b'Corrections: April 27, 2016'",2016-04-27,5720484338f0d82fc1b0ff55
b'Halftime at the Big Game Is Among the Top Culture',2016-02-03,56b26fa738f0d82036f0a84f
"b'Beyonce Slays at Tour Opening, Offers No Insight Into Album'",2016-04-28,5721a5a638f0d83acb9a631e
b'Museum &amp; Gallery Listings for Aug. 12-18',2016-08-12,57ad19cb38f0d849169cc15f
b'A Beautiful Clapback: On James Blunt\xe2\x80\x99s Twitter',2016-06-27,5776870738f0d87c9d837bc3
"b""George Clooney Weighs In on Diversity, Sharpton Urges Oscar 'Tune Out'""",2016-01-19,569e76f438f0d85519ba798e
b'Review: A \xe2\x80\x98Eugene Onegin\xe2\x80\x99 That Fills In Tchaikovsky\xe2\x80\x99s Blanks',2016-06-08,5756c34638f0d839b19249d4
"b""Jesus' Last Hours Depicted Live in 'The Passion'""",2016-03-15,56e8267f38f0d83d7cbf50d2
"b'Review: In \xe2\x80\x98Turandot\xe2\x80\x99 and \xe2\x80\x98La Boh\xc3\xa8me,\xe2\x80\x99 a New Depth of Emotion'",2016-01-15,56981f9c38f0d8108a7eb776
"b'Handel and Hendrix, Side by Side'",2016-06-24,576ba78638f0d83413c93ea4
"b'Review: In \xe2\x80\x98Fly by Night,\xe2\x80\x99 Pigeons Light Up the Brooklyn Navy Yard'",2016-05-09,572fad6038f0d80c20d0dfd3
b'Municipal Identification Card Program Offers Free Cultural Benefits',2016-01-08,568ee84138f0d8580b9aba7f
"b'Review: In \xe2\x80\x98Wagner\xe2\x80\x99s \xe2\x80\x9cRing\xe2\x80\x9d: Forging an Epic,\xe2\x80\x99 Valkyries on Their First Flight'",2016-01-29,56aa975838f0d83460bc7909
b'Review: Zurich Ballet\xe2\x80\x99s \xe2\x80\x98Swan Lake\xe2\x80\x99 Looks to a Classic Version From Long Ago',2016-02-08,56b7c7d438f0d87ed55e96aa
b'\xe2\x80\x98That\xe2\x80\x99s What America Is All About\xe2\x80\x99',2016-04-23,571b399b38f0d830b440bc18
b'Review: \xe2\x80\x98The Go-Between\xe2\x80\x99 and \xe2\x80\x98Aladdin\xe2\x80\x99 on the London Stage',2016-06-17,5762a03a38f0d81a0f68f6e4
b'Museum &amp; Gallery Listings for Aug. 5-11',2016-08-05,57a3d87f38f0d82e7f95789c
"b""Swan Song for 'American Idol' After 15 Game-Changing Years""",2016-01-04,568ac39738f0d85e74bd0a8c
b'Fentanyl Worries Changing Way Narcotics Officers Operate',2016-06-26,576feb6138f0d8124116e7bc
b'Savoring the Spectrum of American Ballet Theater\xe2\x80\x99s Rich Season',2016-07-05,577ad12238f0d83e1f65d6dd
b'Around Town for June 3-9',2016-06-03,5750a75638f0d86ce33330fd
b'An Iggy Pop Ballet and Festivals in Cairo and Istanbul: Global Arts Guide',2016-04-09,5707b31638f0d80c57595169
b'Review: A Minimalist Version of \xe2\x80\x98Peer Gynt\xe2\x80\x99 Still Provokes',2016-05-26,574658c338f0d84339750fbd
b'Broadway Shows Get the Point! Again!',2016-05-01,572235a238f0d83c40473988
b'The Museum of the City of New York to Examine a Gay Underground',2016-06-24,576c535c38f0d8520fd89046
b'Saudi Arabia Aims to Salvage White Elephant Financial District',2016-05-17,573af92138f0d84a2689a9c4
b'Today in History',2016-05-15,5737f5d938f0d83634563032
b'Champion Lynx Begin Season With 1 More Mountain to Climb',2016-05-08,572f4ce238f0d804c36c180c
b'A Tip of the Hat to \xe2\x80\x98Beach Blanket Babylon\xe2\x80\x99',2016-01-02,5686fb1638f0d82225326f4c
b'SoHo: Chic Stores and Cobblestones',2016-05-01,57207fcf38f0d82fc1b0fffa
"b""Director Thomas Kail on How the Best Idea Won at 'Hamilton'""",2016-06-01,574ef3c438f0d8334c66335a
"b""End of a TV Era: 'American Idol' Vows 'Spectacular' Finale""",2016-03-29,56fad3ef38f0d816b6b7e1aa
"b'Your Weekend Briefing: Hillary Clinton, President Obama, Golden State'",2016-04-24,571c95dc38f0d84a765c0a2c
"b""Police Say Sinead O'Connor Found Safe, No Details Released""",2016-05-16,5739f5e938f0d84a2689a5f2
b'Natural Beauty 2.0: Credo Comes to Town',2016-05-19,573c9b7138f0d81236fa7e2c
b'Let It Go Go Go! Three Stage Versions of \xe2\x80\x98Frozen\xe2\x80\x99 Are on the Way',2016-06-07,5755f28d38f0d839b192480f
b'An Amphitheater. A Laptop Bar. It\xe2\x80\x99s a New York Library Like No Other.',2016-06-21,5767b0a738f0d86ed7804007
b'Choreographer Revisits Epic Sanskrit Poem',2016-01-19,5699285238f0d86a572ebf87
"b'Things to Do on Long Island, June 4 Through June 12'",2016-06-05,57513f4238f0d86ce3333244
"b'Jamaica, Beyond the Beach'",2016-04-03,56fd169938f0d83ee37365e4
b'Ronald Perelman Donates $75 Million for Arts Complex at World Trade Center Site',2016-06-30,577448fd38f0d85f4757831c
"b'Your Thursday Briefing: Donald Trump, Hillary Clinton, Cleveland Cavaliers'",2016-05-05,572b16fd38f0d81d0f191ee4
b'The Latest: De Lima Lights the Olympic Cauldron',2016-08-05,57a5072638f0d849a1ea3bcf
b'Can David McVicar Bring Peace to the Opera Wars?',2016-03-20,56ebdfbb38f0d82753b97539
"b'Ben Platt, From \xe2\x80\x98Pitch Perfect\xe2\x80\x99 to an Anxious Teen on Stage'",2016-04-03,56fd43e538f0d83ee373668e
b'Exploring the France That Josephine Baker Loved',2016-07-17,5785372138f0d804dfd9b919
b'The Theater of Violence',2016-03-14,56e666e038f0d82d8fe3a047
b'Spare Times for Children Listings for June 3-9',2016-06-03,5750d8b438f0d86ce333315d
"b'Trevor Nunn, British Shakespeare Master, Tries Something New: Directing Americans'",2016-02-28,56cb7c7938f0d80fb3eb2291
b'Museum &amp; Gallery Listings for July 29-Aug. 4',2016-07-29,579aad6938f0d81bd1ba5799
b'Today in History',2016-03-10,56e1003e38f0d80718d565fa
b'New York Today: A Sweet Sleep for Winter',2016-02-25,56cedfe638f0d8622592d69c
b'An Effort to Save J.M.W. Turner\xe2\x80\x99s Country House',2016-01-05,568ae1ed38f0d85e74bd0ae0
b'New York Today: The Science of Sneezing',2016-04-29,57232f7138f0d83c40473e26
"b'Giants Finish Quietly, and Tom Coughlin Has Little to Say About Future'",2016-01-04,5689997338f0d845a9e6f1b7
b'Favorite Summer Movies From This Summer\xe2\x80\x99s Stars and Directors',2016-05-01,5723d35d38f0d83e7bbb563e
"b""As Killings Persist, New Orleans Parade Says 'Stop Violence'""",2016-03-09,56e0d49538f0d80718d56194
b'Martin Short and Maya Rudolph Schmooze About Their New Variety Show',2016-05-29,5748aeae38f0d805f67c8704
"b'Review: \xe2\x80\x98Iolanta\xe2\x80\x99 and \xe2\x80\x98The Nutcracker,\xe2\x80\x99 Reunited Naturalistically at the Paris Opera'",2016-03-14,56e5e25138f0d82d8fe39f40
"b'Your Friday Briefing: Hillary Clinton, Donald Trump, Golden State Warriors'",2016-06-03,5751530a38f0d86ce33332a2
"b'Roger Enrico, PepsiCo Chief During 1980s \xe2\x80\x98Cola Wars,\xe2\x80\x99 Dies at 71'",2016-06-03,5750979338f0d86ce33330a0
b'Today in History',2016-04-18,57145ca438f0d812849cd3c5
"b'In Saudi Arabia, a Kingdom to Myself'",2016-03-06,56d80b4038f0d8655e09bd02
"b'Haiti Leader Departs as He Came: Amid Uncertainty, Disorder'",2016-02-06,56b5fdf238f0d86b498f9adb
"b'Al Pacino, the Eagles Among Kennedy Center Honorees'",2016-06-23,576bfb4538f0d83413c93fb6
"b'Donald Trump, Janet Yellen, Lionel Messi: Your Wednesday Briefing'",2016-06-22,576a5e6638f0d80acef170e7
"b'\xe2\x80\x98Made in L.A.,\xe2\x80\x99 at the Hammer, Excavates Hollywood\xe2\x80\x99s Past'",2016-06-20,5767125038f0d86ed7803eb7
"b'Review: In \xe2\x80\x98Swan Lake,\xe2\x80\x99 the Drama Depends on the Dancers'",2016-06-17,57631b7b38f0d83da36e0540
b'Don\xe2\x80\x99t You Forget About Me! The Formerly Irredeemable \xe2\x80\x9980s Return',2016-04-21,5717f61d38f0d868998281da
"b'Three Days at Baselworld, the World\xe2\x80\x99s Biggest Watch Fair'",2016-04-08,5702e05738f0d828b0bfad1c
b'Theater Listings for Feb. 19-25',2016-02-19,56c648fa38f0d809a189bc78
b'Museum &amp; Gallery Listings for July 22-28',2016-07-22,5791678f38f0d87a83eba818
b'Spare Times for Children Listings for March 4-10',2016-03-04,56d8ce1238f0d810eb12c709
b'Anatomy of a Broadway Flop: What Sank These 4 Shows?',2016-06-23,576abfce38f0d83413c93c12
"b'Alan Rickman, Watchable Villain in \xe2\x80\x98Harry Potter\xe2\x80\x99 and \xe2\x80\x98Die Hard,\xe2\x80\x99 Dies at 69'",2016-01-15,5697a0e538f0d865e6c34b64
b'The Lower East Side as Petri Dish',2016-04-22,5719576c38f0d80deffe5cbb
"b'\xe2\x80\x98Downton Abbey\xe2\x80\x99 Season 6, Episode 4: The Engine Purrs'",2016-01-24,56a58fd538f0d81529067c5c
b'Major Cities Grind to a Halt and Face Days of Digging Out Snow',2016-01-24,56a3811038f0d85aa1bb1a86
"b""As Killings Persist, New Orleans Parade Says 'Stop Violence'""",2016-03-09,56e03aa538f0d836dc036cb9
b'Theater Listings for Feb. 12-18',2016-02-12,56bd187d38f0d810e6a1a2a6
b'Theater Listings for March 4-10',2016-03-04,56d8c6d838f0d810eb12c6de
b'\xe2\x80\x98Shuffle Along\xe2\x80\x99 and the Lost History of Black Performance in America',2016-03-27,56f3c66138f0d870f33f8c4e
b'Theater Listings for March 18-24',2016-03-18,56eb1bd038f0d82753b972e5
b'Theater Listings for March 25-31',2016-03-25,56f4635b38f0d81726914f24
b'Spare Times for Children Listings for Jan. 1-7',2016-01-01,5685a2c138f0d85a6c1301b7
b'Theater Listings for April 1-7',2016-04-01,56fd836938f0d85faa67c465
b'Theater Listings for Feb. 26-March 3',2016-02-26,56cf9b0c38f0d80b98a14c04
b'Theater Listings for April 8-14',2016-04-08,5706ead838f0d80c57594f84
b'Why \xe2\x80\x98Transcending Race\xe2\x80\x99 Is a Lie',2016-06-17,57642c6438f0d8589e8e205d
b'Spare Times for Children Listings for April 22-28',2016-04-22,5719490c38f0d80deffe5c6e
b'Theater Listings for Feb. 5-11',2016-02-05,56b3d33c38f0d84a7b07047d
b'Spare Times for Children Listings for April 1-7',2016-04-01,56fd8b8738f0d85faa67c489
b'Spare Times for Feb. 5-11',2016-02-05,56b3d6cb38f0d84a7b07048f
b'Theater Listings for March 11-17',2016-03-11,56e1f90c38f0d87369b23ff1
b'Museum &amp; Gallery Listings for March 18-24',2016-03-18,56eb1b3d38f0d82753b972e2
b'Museum &amp; Gallery Listings for April 1-7',2016-04-01,56fd895038f0d85faa67c47f
b'In Exile',2016-01-17,56963c6738f0d83e7cfe05d8
b'Museum &amp; Gallery Listings for March 25-31',2016-03-25,56f4a1e038f0d81726914fc5
b'Museum &amp; Gallery Listings for April 8-14',2016-04-08,5706de5e38f0d80c57594f65
b'The Latest: 26.8 Inches of Snow Fails to Set New NYC Record',2016-01-23,56a352ce38f0d85aa1bb1a54
b'Spare Times for Jan. 22-28',2016-01-22,56a16b5338f0d83189a62ccf
b'A Biotech Evangelist Seeks a Zika Dividend',2016-03-06,56dabd8638f0d83eee097acb
b'Museum &amp; Gallery Listings for Jan. 1-7',2016-01-01,5685acd138f0d85a6c1301da
b'Museum &amp; Gallery Listings for July 1-7',2016-07-01,5775c25438f0d87c9d8379c7
b'Museum &amp; Gallery Listings for June 17-23',2016-06-17,576387f038f0d83da36e061b
b'Museum &amp; Gallery Listings for Feb. 12-18',2016-02-12,56bd0ac138f0d810e6a1a274
b'Museum &amp; Gallery Listings for Feb. 19-25',2016-02-19,56c64cfe38f0d809a189bc8f
b'Museum &amp; Gallery Listings for March 4-10',2016-03-04,56d8c77938f0d810eb12c6e3
b'Museum &amp; Gallery Listings for Jan. 8-14',2016-01-08,568eff4b38f0d8580b9abad0
b'Museum &amp; Gallery Listings for June 10-16',2016-06-10,575a21f238f0d80f3c48a259
b'Museum &amp; Gallery Listings for March 11-17',2016-03-11,56e1f72238f0d87369b23fe6
b'Museum &amp; Gallery Listings for June 24-30',2016-06-24,576c7f1538f0d8520fd890cf
b'Museum &amp; Gallery Listings for Feb. 26-Mar. 3',2016-02-26,56cf9cd838f0d80b98a14c0a
b'Fight',2016-03-28,56f7d94e38f0d857ea327a2c
